Title,MapType,MatchMode,Priority,OutputCode,FolderName,Active
2025-02-08,FiscalWeek,Token,0,2025-W01,,Yes
2025-02-15,FiscalWeek,Token,0,2025-W02,,Yes
2025-02-22,FiscalWeek,Token,0,2025-W03,,Yes
2025-03-01,FiscalWeek,Token,0,2025-W04,,Yes
2025-03-08,FiscalWeek,Token,0,2025-W05,,Yes
2025-03-15,FiscalWeek,Token,0,2025-W06,,Yes
2025-03-22,FiscalWeek,Token,0,2025-W07,,Yes
2025-03-29,FiscalWeek,Token,0,2025-W08,,Yes
2025-04-05,FiscalWeek,Token,0,2025-W09,,Yes
2025-04-12,FiscalWeek,Token,0,2025-W10,,Yes
2025-04-19,FiscalWeek,Token,0,2025-W11,,Yes
2025-04-26,FiscalWeek,Token,0,2025-W12,,Yes
2025-05-03,FiscalWeek,Token,0,2025-W13,,Yes
2025-05-10,FiscalWeek,Token,0,2025-W14,,Yes
2025-05-17,FiscalWeek,Token,0,2025-W15,,Yes
2025-05-24,FiscalWeek,Token,0,2025-W16,,Yes
2025-05-31,FiscalWeek,Token,0,2025-W17,,Yes
2025-06-07,FiscalWeek,Token,0,2025-W18,,Yes
2025-06-14,FiscalWeek,Token,0,2025-W19,,Yes
2025-06-21,FiscalWeek,Token,0,2025-W20,,Yes
2025-06-28,FiscalWeek,Token,0,2025-W21,,Yes
2025-07-05,FiscalWeek,Token,0,2025-W22,,Yes
2025-07-12,FiscalWeek,Token,0,2025-W23,,Yes
2025-07-19,FiscalWeek,Token,0,2025-W24,,Yes
2025-07-26,FiscalWeek,Token,0,2025-W25,,Yes
2025-08-02,FiscalWeek,Token,0,2025-W26,,Yes
2025-08-09,FiscalWeek,Token,0,2025-W27,,Yes
2025-08-16,FiscalWeek,Token,0,2025-W28,,Yes
2025-08-23,FiscalWeek,Token,0,2025-W29,,Yes
2025-08-30,FiscalWeek,Token,0,2025-W30,,Yes
2025-09-06,FiscalWeek,Token,0,2025-W31,,Yes
2025-09-13,FiscalWeek,Token,0,2025-W32,,Yes
2025-09-20,FiscalWeek,Token,0,2025-W33,,Yes
2025-09-27,FiscalWeek,Token,0,2025-W34,,Yes
2025-10-04,FiscalWeek,Token,0,2025-W35,,Yes
2025-10-11,FiscalWeek,Token,0,2025-W36,,Yes
2025-10-18,FiscalWeek,Token,0,2025-W37,,Yes
2025-10-25,FiscalWeek,Token,0,2025-W38,,Yes
2025-11-01,FiscalWeek,Token,0,2025-W39,,Yes
2025-11-08,FiscalWeek,Token,0,2025-W40,,Yes
2025-11-15,FiscalWeek,Token,0,2025-W41,,Yes
2025-11-22,FiscalWeek,Token,0,2025-W42,,Yes
2025-11-29,FiscalWeek,Token,0,2025-W43,,Yes
2025-12-06,FiscalWeek,Token,0,2025-W44,,Yes
2025-12-13,FiscalWeek,Token,0,2025-W45,,Yes
2025-12-20,FiscalWeek,Token,0,2025-W46,,Yes
2025-12-27,FiscalWeek,Token,0,2025-W47,,Yes
2026-01-03,FiscalWeek,Token,0,2025-W48,,Yes
2026-01-10,FiscalWeek,Token,0,2025-W49,,Yes
2026-01-17,FiscalWeek,Token,0,2025-W50,,Yes
2026-01-24,FiscalWeek,Token,0,2025-W51,,Yes
2026-01-31,FiscalWeek,Token,0,2025-W52,,Yes
2026-02-07,FiscalWeek,Token,0,2026-W01,,Yes
2026-02-14,FiscalWeek,Token,0,2026-W02,,Yes
2026-02-21,FiscalWeek,Token,0,2026-W03,,Yes
2026-02-28,FiscalWeek,Token,0,2026-W04,,Yes
2026-03-07,FiscalWeek,Token,0,2026-W05,,Yes
2026-03-14,FiscalWeek,Token,0,2026-W06,,Yes
2026-03-21,FiscalWeek,Token,0,2026-W07,,Yes
2026-03-28,FiscalWeek,Token,0,2026-W08,,Yes
2026-04-04,FiscalWeek,Token,0,2026-W09,,Yes
2026-04-11,FiscalWeek,Token,0,2026-W10,,Yes
2026-04-18,FiscalWeek,Token,0,2026-W11,,Yes
2026-04-25,FiscalWeek,Token,0,2026-W12,,Yes
2026-05-02,FiscalWeek,Token,0,2026-W13,,Yes
2026-05-09,FiscalWeek,Token,0,2026-W14,,Yes
2026-05-16,FiscalWeek,Token,0,2026-W15,,Yes
2026-05-23,FiscalWeek,Token,0,2026-W16,,Yes
2026-05-30,FiscalWeek,Token,0,2026-W17,,Yes
2026-06-06,FiscalWeek,Token,0,2026-W18,,Yes
2026-06-13,FiscalWeek,Token,0,2026-W19,,Yes
2026-06-20,FiscalWeek,Token,0,2026-W20,,Yes
2026-06-27,FiscalWeek,Token,0,2026-W21,,Yes
2026-07-04,FiscalWeek,Token,0,2026-W22,,Yes
2026-07-11,FiscalWeek,Token,0,2026-W23,,Yes
2026-07-18,FiscalWeek,Token,0,2026-W24,,Yes
2026-07-25,FiscalWeek,Token,0,2026-W25,,Yes
2026-08-01,FiscalWeek,Token,0,2026-W26,,Yes
2026-08-08,FiscalWeek,Token,0,2026-W27,,Yes
2026-08-15,FiscalWeek,Token,0,2026-W28,,Yes
2026-08-22,FiscalWeek,Token,0,2026-W29,,Yes
2026-08-29,FiscalWeek,Token,0,2026-W30,,Yes
2026-09-05,FiscalWeek,Token,0,2026-W31,,Yes
2026-09-12,FiscalWeek,Token,0,2026-W32,,Yes
2026-09-19,FiscalWeek,Token,0,2026-W33,,Yes
2026-09-26,FiscalWeek,Token,0,2026-W34,,Yes
2026-10-03,FiscalWeek,Token,0,2026-W35,,Yes
2026-10-10,FiscalWeek,Token,0,2026-W36,,Yes
2026-10-17,FiscalWeek,Token,0,2026-W37,,Yes
2026-10-24,FiscalWeek,Token,0,2026-W38,,Yes
2026-10-31,FiscalWeek,Token,0,2026-W39,,Yes
2026-11-07,FiscalWeek,Token,0,2026-W40,,Yes
2026-11-14,FiscalWeek,Token,0,2026-W41,,Yes
2026-11-21,FiscalWeek,Token,0,2026-W42,,Yes
2026-11-28,FiscalWeek,Token,0,2026-W43,,Yes
2026-12-05,FiscalWeek,Token,0,2026-W44,,Yes
2026-12-12,FiscalWeek,Token,0,2026-W45,,Yes
2026-12-19,FiscalWeek,Token,0,2026-W46,,Yes
2026-12-26,FiscalWeek,Token,0,2026-W47,,Yes
2027-01-02,FiscalWeek,Token,0,2026-W48,,Yes
2027-01-09,FiscalWeek,Token,0,2026-W49,,Yes
2027-01-16,FiscalWeek,Token,0,2026-W50,,Yes
2027-01-23,FiscalWeek,Token,0,2026-W51,,Yes
2027-01-30,FiscalWeek,Token,0,2026-W52,,Yes
2027-02-06,FiscalWeek,Token,0,2027-W01,,Yes
2027-02-13,FiscalWeek,Token,0,2027-W02,,Yes
2027-02-20,FiscalWeek,Token,0,2027-W03,,Yes
2027-02-27,FiscalWeek,Token,0,2027-W04,,Yes
2027-03-06,FiscalWeek,Token,0,2027-W05,,Yes
2027-03-13,FiscalWeek,Token,0,2027-W06,,Yes
2027-03-20,FiscalWeek,Token,0,2027-W07,,Yes
2027-03-27,FiscalWeek,Token,0,2027-W08,,Yes
2027-04-03,FiscalWeek,Token,0,2027-W09,,Yes
2027-04-10,FiscalWeek,Token,0,2027-W10,,Yes
2027-04-17,FiscalWeek,Token,0,2027-W11,,Yes
2027-04-24,FiscalWeek,Token,0,2027-W12,,Yes
2027-05-01,FiscalWeek,Token,0,2027-W13,,Yes
2027-05-08,FiscalWeek,Token,0,2027-W14,,Yes
2027-05-15,FiscalWeek,Token,0,2027-W15,,Yes
2027-05-22,FiscalWeek,Token,0,2027-W16,,Yes
2027-05-29,FiscalWeek,Token,0,2027-W17,,Yes
2027-06-05,FiscalWeek,Token,0,2027-W18,,Yes
2027-06-12,FiscalWeek,Token,0,2027-W19,,Yes
2027-06-19,FiscalWeek,Token,0,2027-W20,,Yes
2027-06-26,FiscalWeek,Token,0,2027-W21,,Yes
2027-07-03,FiscalWeek,Token,0,2027-W22,,Yes
2027-07-10,FiscalWeek,Token,0,2027-W23,,Yes
2027-07-17,FiscalWeek,Token,0,2027-W24,,Yes
2027-07-24,FiscalWeek,Token,0,2027-W25,,Yes
2027-07-31,FiscalWeek,Token,0,2027-W26,,Yes
2027-08-07,FiscalWeek,Token,0,2027-W27,,Yes
2027-08-14,FiscalWeek,Token,0,2027-W28,,Yes
2027-08-21,FiscalWeek,Token,0,2027-W29,,Yes
2027-08-28,FiscalWeek,Token,0,2027-W30,,Yes
2027-09-04,FiscalWeek,Token,0,2027-W31,,Yes
2027-09-11,FiscalWeek,Token,0,2027-W32,,Yes
2027-09-18,FiscalWeek,Token,0,2027-W33,,Yes
2027-09-25,FiscalWeek,Token,0,2027-W34,,Yes
2027-10-02,FiscalWeek,Token,0,2027-W35,,Yes
2027-10-09,FiscalWeek,Token,0,2027-W36,,Yes
2027-10-16,FiscalWeek,Token,0,2027-W37,,Yes
2027-10-23,FiscalWeek,Token,0,2027-W38,,Yes
2027-10-30,FiscalWeek,Token,0,2027-W39,,Yes
2027-11-06,FiscalWeek,Token,0,2027-W40,,Yes
2027-11-13,FiscalWeek,Token,0,2027-W41,,Yes
2027-11-20,FiscalWeek,Token,0,2027-W42,,Yes
2027-11-27,FiscalWeek,Token,0,2027-W43,,Yes
2027-12-04,FiscalWeek,Token,0,2027-W44,,Yes
2027-12-11,FiscalWeek,Token,0,2027-W45,,Yes
2027-12-18,FiscalWeek,Token,0,2027-W46,,Yes
2027-12-25,FiscalWeek,Token,0,2027-W47,,Yes
2028-01-01,FiscalWeek,Token,0,2027-W48,,Yes
2028-01-08,FiscalWeek,Token,0,2027-W49,,Yes
2028-01-15,FiscalWeek,Token,0,2027-W50,,Yes
2028-01-22,FiscalWeek,Token,0,2027-W51,,Yes
2028-01-29,FiscalWeek,Token,0,2027-W52,,Yes
2028-02-05,FiscalWeek,Token,0,2028-W01,,Yes
2028-02-12,FiscalWeek,Token,0,2028-W02,,Yes
2028-02-19,FiscalWeek,Token,0,2028-W03,,Yes
2028-02-26,FiscalWeek,Token,0,2028-W04,,Yes
2028-03-04,FiscalWeek,Token,0,2028-W05,,Yes
2028-03-11,FiscalWeek,Token,0,2028-W06,,Yes
2028-03-18,FiscalWeek,Token,0,2028-W07,,Yes
2028-03-25,FiscalWeek,Token,0,2028-W08,,Yes
2028-04-01,FiscalWeek,Token,0,2028-W09,,Yes
2028-04-08,FiscalWeek,Token,0,2028-W10,,Yes
2028-04-15,FiscalWeek,Token,0,2028-W11,,Yes
2028-04-22,FiscalWeek,Token,0,2028-W12,,Yes
2028-04-29,FiscalWeek,Token,0,2028-W13,,Yes
2028-05-06,FiscalWeek,Token,0,2028-W14,,Yes
2028-05-13,FiscalWeek,Token,0,2028-W15,,Yes
2028-05-20,FiscalWeek,Token,0,2028-W16,,Yes
2028-05-27,FiscalWeek,Token,0,2028-W17,,Yes
2028-06-03,FiscalWeek,Token,0,2028-W18,,Yes
2028-06-10,FiscalWeek,Token,0,2028-W19,,Yes
2028-06-17,FiscalWeek,Token,0,2028-W20,,Yes
2028-06-24,FiscalWeek,Token,0,2028-W21,,Yes
2028-07-01,FiscalWeek,Token,0,2028-W22,,Yes
2028-07-08,FiscalWeek,Token,0,2028-W23,,Yes
2028-07-15,FiscalWeek,Token,0,2028-W24,,Yes
2028-07-22,FiscalWeek,Token,0,2028-W25,,Yes
2028-07-29,FiscalWeek,Token,0,2028-W26,,Yes
2028-08-05,FiscalWeek,Token,0,2028-W27,,Yes
2028-08-12,FiscalWeek,Token,0,2028-W28,,Yes
2028-08-19,FiscalWeek,Token,0,2028-W29,,Yes
2028-08-26,FiscalWeek,Token,0,2028-W30,,Yes
2028-09-02,FiscalWeek,Token,0,2028-W31,,Yes
2028-09-09,FiscalWeek,Token,0,2028-W32,,Yes
2028-09-16,FiscalWeek,Token,0,2028-W33,,Yes
2028-09-23,FiscalWeek,Token,0,2028-W34,,Yes
2028-09-30,FiscalWeek,Token,0,2028-W35,,Yes
2028-10-07,FiscalWeek,Token,0,2028-W36,,Yes
2028-10-14,FiscalWeek,Token,0,2028-W37,,Yes
2028-10-21,FiscalWeek,Token,0,2028-W38,,Yes
2028-10-28,FiscalWeek,Token,0,2028-W39,,Yes
2028-11-04,FiscalWeek,Token,0,2028-W40,,Yes
2028-11-11,FiscalWeek,Token,0,2028-W41,,Yes
2028-11-18,FiscalWeek,Token,0,2028-W42,,Yes
2028-11-25,FiscalWeek,Token,0,2028-W43,,Yes
2028-12-02,FiscalWeek,Token,0,2028-W44,,Yes
2028-12-09,FiscalWeek,Token,0,2028-W45,,Yes
2028-12-16,FiscalWeek,Token,0,2028-W46,,Yes
2028-12-23,FiscalWeek,Token,0,2028-W47,,Yes
2028-12-30,FiscalWeek,Token,0,2028-W48,,Yes
2029-01-06,FiscalWeek,Token,0,2028-W49,,Yes
2029-01-13,FiscalWeek,Token,0,2028-W50,,Yes
2029-01-20,FiscalWeek,Token,0,2028-W51,,Yes
2029-01-27,FiscalWeek,Token,0,2028-W52,,Yes
2029-02-03,FiscalWeek,Token,0,2028-W53,,Yes
